Workbook

Sheet README
A1: Message triage: team workspace
A3: How this sheet works
A4: • n8n writes one row per ticket into the "tickets" tab. Never rename or reorder its header row: n8n matches columns by name.
A5: • Humans edit only the yellow columns: status, assignee, notes. (team can also be changed to re-route a misrouted ticket.)
A6: • "inbox" holds the raw backlog (30 messages). The "Run backlog" button in n8n reads it and fills "tickets".
A7: • "dashboard" counts OPEN tickets (not Resolved / Closed (auto)) by team and urgency. It updates by itself.
A8: • "lists" holds the dropdown values. Type your teammates' names in the assignee column of "lists".
A10: One-time setup per team: personal view
A11: 1. Open "tickets" → Data → Create filter view.
A12: 2. Filter "team" = your team. Filter "status" = New, In progress, Waiting on customer.
A13: 3. Sort by "urgency_rank" Z→A, then "received_at" A→Z. Name the view after the team (e.g. "Tech").
A14: 4. Repeat for each of the 7 teams. Filter views are saved in the file and each team opens its own from Data → Filter views.
... A22: Assumption: "today" is Monday 2026-10-12 (set by the TODAY constant in the three n8n Code nodes). age_days is measured from that date.

Sheet dashboard
A1: Open tickets by team and urgency
A2: "Open" = status is not Resolved and not Closed (auto). Reads the "tickets" tab live.
A4: Team | B4: critical | C4: high | D4: normal | E4: low | F4: Total open | G4: Unassigned critical+high | H4: Needs triage | I4: Oldest open (days) | J4: Repeat contacts open
A5: Support | B5: =COUNTIFS(tickets!$O$2:$O$1000,$A5,tickets!$P$2:$P$1000,B$4,tickets!$S$2:$S$1000,"<>Resolved",tickets!$S$2:$S$1000,"<>Closed (auto)") | C5: =COUNTIFS(tickets!$O$2:$O$1000,$A5,tickets!$P$2:$P$1000,C$4,tickets!$S$2:$S$1000,"<>Resolved",tickets!$S$2:$S$1000,"<>Closed (auto)") | D5: =COUNTIFS(tickets!$O$2:$O$1000,$A5,tickets!$P$2:$P$1000,D$4,tickets!$S$2:$S$1000,"<>Resolved",tickets!$S$2:$S$1000,"<>Closed (auto)") | E5: =COUNTIFS(tickets!$O$2:$O$1000,$A5,tickets!$P$2:$P$1000,E$4,tickets!$S$2:$S$1000,"<>Resolved",tickets!$S$2:$S$1000,"<>Closed (auto)") | F5: =SUM(B5:E5) | G5: =COUNTIFS(tickets!$O$2:$O$1000,$A5,tickets!$P$2:$P$1000,"critical",tickets!$T$2:$T$1000,"",tickets!$S$2:$S$1000,"<>Resolved",tickets!$S$2:$S$1000,"<>Closed (auto)")+COUNTIFS(tickets!$O$2:$O$1000,$A5,tickets!$P$2:$P$1000,"high",tickets!$T$2:$T$1000,"",tickets!$S$2:$S$1000,"<>Resolved",tickets!$S$2:$S$1000,"<>Closed (auto)") | H5: =COUNTIFS(tickets!$O$2:$O$1000,$A5,tickets!$Z$2:$Z$1000,"yes",tickets!$S$2:$S$1000,"<>Resolved",tickets!$S$2:$S$1000,"<>Closed (auto)") | I5: =_xlfn.MAXIFS(tickets!$F$2:$F$1000,tickets!$O$2:$O$1000,$A5,tickets!$S$2:$S$1000,"<>Resolved",tickets!$S$2:$S$1000,"<>Closed (auto)") | J5: =COUNTIFS(tickets!$O$2:$O$1000,$A5,tickets!$U$2:$U$1000,"*repeat_contact*",tickets!$S$2:$S$1000,"<>Resolved",tickets!$S$2:$S$1000,"<>Closed (auto)")
A6: Tech | B6: =COUNTIFS(tickets!$O$2:$O$1000,$A6,tickets!$P$2:$P$1000,B$4,tickets!$S$2:$S$1000,"<>Resolved",tickets!$S$2:$S$1000,"<>Closed (auto)") | C6: =COUNTIFS(tickets!$O$2:$O$1000,$A6,tickets!$P$2:$P$1000,C$4,tickets!$S$2:$S$1000,"<>Resolved",tickets!$S$2:$S$1000,"<>Closed (auto)") | D6: =COUNTIFS(tickets!$O$2:$O$1000,$A6,tickets!$P$2:$P$1000,D$4,tickets!$S$2:$S$1000,"<>Resolved",tickets!$S$2:$S$1000,"<>Closed (auto)") | E6: =COUNTIFS(tickets!$O$2:$O$1000,$A6,tickets!$P$2:$P$1000,E$4,tickets!$S$2:$S$1000,"<>Resolved",tickets!$S$2:$S$1000,"<>Closed (auto)") | F6: =SUM(B6:E6) | G6: =COUNTIFS(tickets!$O$2:$O$1000,$A6,tickets!$P$2:$P$1000,"critical",tickets!$T$2:$T$1000,"",tickets!$S$2:$S$1000,"<>Resolved",tickets!$S$2:$S$1000,"<>Closed (auto)")+COUNTIFS(tickets!$O$2:$O$1000,$A6,tickets!$P$2:$P$1000,"high",tickets!$T$2:$T$1000,"",tickets!$S$2:$S$1000,"<>Resolved",tickets!$S$2:$S$1000,"<>Closed (auto)") | H6: =COUNTIFS(tickets!$O$2:$O$1000,$A6,tickets!$Z$2:$Z$1000,"yes",tickets!$S$2:$S$1000,"<>Resolved",tickets!$S$2:$S$1000,"<>Closed (auto)") | I6: =_xlfn.MAXIFS(tickets!$F$2:$F$1000,tickets!$O$2:$O$1000,$A6,tickets!$S$2:$S$1000,"<>Resolved",tickets!$S$2:$S$1000,"<>Closed (auto)") | J6: =COUNTIFS(tickets!$O$2:$O$1000,$A6,tickets!$U$2:$U$1000,"*repeat_contact*",tickets!$S$2:$S$1000,"<>Resolved",tickets!$S$2:$S$1000,"<>Closed (auto)")
A7: Billing | B7: =COUNTIFS(tickets!$O$2:$O$1000,$A7,tickets!$P$2:$P$1000,B$4,tickets!$S$2:$S$1000,"<>Resolved",tickets!$S$2:$S$1000,"<>Closed (auto)") | C7: =COUNTIFS(tickets!$O$2:$O$1000,$A7,tickets!$P$2:$P$1000,C$4,tickets!$S$2:$S$1000,"<>Resolved",tickets!$S$2:$S$1000,"<>Closed (auto)") | D7: =COUNTIFS(tickets!$O$2:$O$1000,$A7,tickets!$P$2:$P$1000,D$4,tickets!$S$2:$S$1000,"<>Resolved",tickets!$S$2:$S$1000,"<>Closed (auto)") | E7: =COUNTIFS(tickets!$O$2:$O$1000,$A7,tickets!$P$2:$P$1000,E$4,tickets!$S$2:$S$1000,"<>Resolved",tickets!$S$2:$S$1000,"<>Closed (auto)") | F7: =SUM(B7:E7) | G7: =COUNTIFS(tickets!$O$2:$O$1000,$A7,tickets!$P$2:$P$1000,"critical",tickets!$T$2:$T$1000,"",tickets!$S$2:$S$1000,"<>Resolved",tickets!$S$2:$S$1000,"<>Closed (auto)")+COUNTIFS(tickets!$O$2:$O$1000,$A7,tickets!$P$2:$P$1000,"high",tickets!$T$2:$T$1000,"",tickets!$S$2:$S$1000,"<>Resolved",tickets!$S$2:$S$1000,"<>Closed (auto)") | H7: =COUNTIFS(tickets!$O$2:$O$1000,$A7,tickets!$Z$2:$Z$1000,"yes",tickets!$S$2:$S$1000,"<>Resolved",tickets!$S$2:$S$1000,"<>Closed (auto)") | I7: =_xlfn.MAXIFS(tickets!$F$2:$F$1000,tickets!$O$2:$O$1000,$A7,tickets!$S$2:$S$1000,"<>Resolved",tickets!$S$2:$S$1000,"<>Closed (auto)") | J7: =COUNTIFS(tickets!$O$2:$O$1000,$A7,tickets!$U$2:$U$1000,"*repeat_contact*",tickets!$S$2:$S$1000,"<>Resolved",tickets!$S$2:$S$1000,"<>Closed (auto)")
A8: Deliverability | B8: =COUNTIFS(tickets!$O$2:$O$1000,$A8,tickets!$P$2:$P$1000,B$4,tickets!$S$2:$S$1000,"<>Resolved",tickets!$S$2:$S$1000,"<>Closed (auto)") | C8: =COUNTIFS(tickets!$O$2:$O$1000,$A8,tickets!$P$2:$P$1000,C$4,tickets!$S$2:$S$1000,"<>Resolved",tickets!$S$2:$S$1000,"<>Closed (auto)") | D8: =COUNTIFS(tickets!$O$2:$O$1000,$A8,tickets!$P$2:$P$1000,D$4,tickets!$S$2:$S$1000,"<>Resolved",tickets!$S$2:$S$1000,"<>Closed (auto)") | E8: =COUNTIFS(tickets!$O$2:$O$1000,$A8,tickets!$P$2:$P$1000,E$4,tickets!$S$2:$S$1000,"<>Resolved",tickets!$S$2:$S$1000,"<>Closed (auto)") | F8: =SUM(B8:E8) | G8: =COUNTIFS(tickets!$O$2:$O$1000,$A8,tickets!$P$2:$P$1000,"critical",tickets!$T$2:$T$1000,"",tickets!$S$2:$S$1000,"<>Resolved",tickets!$S$2:$S$1000,"<>Closed (auto)")+COUNTIFS(tickets!$O$2:$O$1000,$A8,tickets!$P$2:$P$1000,"high",tickets!$T$2:$T$1000,"",tickets!$S$2:$S$1000,"<>Resolved",tickets!$S$2:$S$1000,"<>Closed (auto)") | H8: =COUNTIFS(tickets!$O$2:$O$1000,$A8,tickets!$Z$2:$Z$1000,"yes",tickets!$S$2:$S$1000,"<>Resolved",tickets!$S$2:$S$1000,"<>Closed (auto)") | I8: =_xlfn.MAXIFS(tickets!$F$2:$F$1000,tickets!$O$2:$O$1000,$A8,tickets!$S$2:$S$1000,"<>Resolved",tickets!$S$2:$S$1000,"<>Closed (auto)") | J8: =COUNTIFS(tickets!$O$2:$O$1000,$A8,tickets!$U$2:$U$1000,"*repeat_contact*",tickets!$S$2:$S$1000,"<>Resolved",tickets!$S$2:$S$1000,"<>Closed (auto)")
A9: Migration | B9: =COUNTIFS(tickets!$O$2:$O$1000,$A9,tickets!$P$2:$P$1000,B$4,tickets!$S$2:$S$1000,"<>Resolved",tickets!$S$2:$S$1000,"<>Closed (auto)") | C9: =COUNTIFS(tickets!$O$2:$O$1000,$A9,tickets!$P$2:$P$1000,C$4,tickets!$S$2:$S$1000,"<>Resolved",tickets!$S$2:$S$1000,"<>Closed (auto)") | D9: =COUNTIFS(tickets!$O$2:$O$1000,$A9,tickets!$P$2:$P$1000,D$4,tickets!$S$2:$S$1000,"<>Resolved",tickets!$S$2:$S$1000,"<>Closed (auto)") | E9: =COUNTIFS(tickets!$O$2:$O$1000,$A9,tickets!$P$2:$P$1000,E$4,tickets!$S$2:$S$1000,"<>Resolved",tickets!$S$2:$S$1000,"<>Closed (auto)") | F9: =SUM(B9:E9) | G9: =COUNTIFS(tickets!$O$2:$O$1000,$A9,tickets!$P$2:$P$1000,"critical",tickets!$T$2:$T$1000,"",tickets!$S$2:$S$1000,"<>Resolved",tickets!$S$2:$S$1000,"<>Closed (auto)")+COUNTIFS(tickets!$O$2:$O$1000,$A9,tickets!$P$2:$P$1000,"high",tickets!$T$2:$T$1000,"",tickets!$S$2:$S$1000,"<>Resolved",tickets!$S$2:$S$1000,"<>Closed (auto)") | H9: =COUNTIFS(tickets!$O$2:$O$1000,$A9,tickets!$Z$2:$Z$1000,"yes",tickets!$S$2:$S$1000,"<>Resolved",tickets!$S$2:$S$1000,"<>Closed (auto)") | I9: =_xlfn.MAXIFS(tickets!$F$2:$F$1000,tickets!$O$2:$O$1000,$A9,tickets!$S$2:$S$1000,"<>Resolved",tickets!$S$2:$S$1000,"<>Closed (auto)") | J9: =COUNTIFS(tickets!$O$2:$O$1000,$A9,tickets!$U$2:$U$1000,"*repeat_contact*",tickets!$S$2:$S$1000,"<>Resolved",tickets!$S$2:$S$1000,"<>Closed (auto)")
A10: Product | B10: =COUNTIFS(tickets!$O$2:$O$1000,$A10,tickets!$P$2:$P$1000,B$4,tickets!$S$2:$S$1000,"<>Resolved",tickets!$S$2:$S$1000,"<>Closed (auto)") | C10: =COUNTIFS(tickets!$O$2:$O$1000,$A10,tickets!$P$2:$P$1000,C$4,tickets!$S$2:$S$1000,"<>Resolved",tickets!$S$2:$S$1000,"<>Closed (auto)") | D10: =COUNTIFS(tickets!$O$2:$O$1000,$A10,tickets!$P$2:$P$1000,D$4,tickets!$S$2:$S$1000,"<>Resolved",tickets!$S$2:$S$1000,"<>Closed (auto)") | E10: =COUNTIFS(tickets!$O$2:$O$1000,$A10,tickets!$P$2:$P$1000,E$4,tickets!$S$2:$S$1000,"<>Resolved",tickets!$S$2:$S$1000,"<>Closed (auto)") | F10: =SUM(B10:E10) | G10: =COUNTIFS(tickets!$O$2:$O$1000,$A10,tickets!$P$2:$P$1000,"critical",tickets!$T$2:$T$1000,"",tickets!$S$2:$S$1000,"<>Resolved",tickets!$S$2:$S$1000,"<>Closed (auto)")+COUNTIFS(tickets!$O$2:$O$1000,$A10,tickets!$P$2:$P$1000,"high",tickets!$T$2:$T$1000,"",tickets!$S$2:$S$1000,"<>Resolved",tickets!$S$2:$S$1000,"<>Closed (auto)") | H10: =COUNTIFS(tickets!$O$2:$O$1000,$A10,tickets!$Z$2:$Z$1000,"yes",tickets!$S$2:$S$1000,"<>Resolved",tickets!$S$2:$S$1000,"<>Closed (auto)") | I10: =_xlfn.MAXIFS(tickets!$F$2:$F$1000,tickets!$O$2:$O$1000,$A10,tickets!$S$2:$S$1000,"<>Resolved",tickets!$S$2:$S$1000,"<>Closed (auto)") | J10: =COUNTIFS(tickets!$O$2:$O$1000,$A10,tickets!$U$2:$U$1000,"*repeat_contact*",tickets!$S$2:$S$1000,"<>Resolved",tickets!$S$2:$S$1000,"<>Closed (auto)")
A11: Security & Legal | B11: =COUNTIFS(tickets!$O$2:$O$1000,$A11,tickets!$P$2:$P$1000,B$4,tickets!$S$2:$S$1000,"<>Resolved",tickets!$S$2:$S$1000,"<>Closed (auto)") | C11: =COUNTIFS(tickets!$O$2:$O$1000,$A11,tickets!$P$2:$P$1000,C$4,tickets!$S$2:$S$1000,"<>Resolved",tickets!$S$2:$S$1000,"<>Closed (auto)") | D11: =COUNTIFS(tickets!$O$2:$O$1000,$A11,tickets!$P$2:$P$1000,D$4,tickets!$S$2:$S$1000,"<>Resolved",tickets!$S$2:$S$1000,"<>Closed (auto)") | E11: =COUNTIFS(tickets!$O$2:$O$1000,$A11,tickets!$P$2:$P$1000,E$4,tickets!$S$2:$S$1000,"<>Resolved",tickets!$S$2:$S$1000,"<>Closed (auto)") | F11: =SUM(B11:E11) | G11: =COUNTIFS(tickets!$O$2:$O$1000,$A11,tickets!$P$2:$P$1000,"critical",tickets!$T$2:$T$1000,"",tickets!$S$2:$S$1000,"<>Resolved",tickets!$S$2:$S$1000,"<>Closed (auto)")+COUNTIFS(tickets!$O$2:$O$1000,$A11,tickets!$P$2:$P$1000,"high",tickets!$T$2:$T$1000,"",tickets!$S$2:$S$1000,"<>Resolved",tickets!$S$2:$S$1000,"<>Closed (auto)") | H11: =COUNTIFS(tickets!$O$2:$O$1000,$A11,tickets!$Z$2:$Z$1000,"yes",tickets!$S$2:$S$1000,"<>Resolved",tickets!$S$2:$S$1000,"<>Closed (auto)") | I11: =_xlfn.MAXIFS(tickets!$F$2:$F$1000,tickets!$O$2:$O$1000,$A11,tickets!$S$2:$S$1000,"<>Resolved",tickets!$S$2:$S$1000,"<>Closed (auto)") | J11: =COUNTIFS(tickets!$O$2:$O$1000,$A11,tickets!$U$2:$U$1000,"*repeat_contact*",tickets!$S$2:$S$1000,"<>Resolved",tickets!$S$2:$S$1000,"<>Closed (auto)")
A12: All teams | B12: =SUM(B5:B11) | C12: =SUM(C5:C11) | D12: =SUM(D5:D11) | E12: =SUM(E5:E11) | F12: =SUM(F5:F11) | G12: =SUM(G5:G11) | H12: =SUM(H5:H11) | I12: =MAX(I5:I11) | J12: =SUM(J5:J11)
A14: Source of "Oldest open": age_days column in tickets (days between received date and the TODAY anchor 2026-10-12 used by the n8n workflow).

Sheet lists
A1: teams | B1: statuses | C1: urgency | D1: assignee (type names here)
A2: Support | B2: New | C2: critical | D2: Alice
A3: Tech | B3: In progress | C3: high | D3: Bob
A4: Billing | B4: Waiting on customer | C4: normal | D4: Carol
A5: Deliverability | B5: Resolved | C5: low
A6: Migration | B6: Closed (auto)
A7: Product
A8: Security & Legal | D8: Example names above: replace with your team.

Sheet inbox
A1: received_at | B1: source | C1: from | D1: message
A2: 2026-10-05 09:12 | B2: form | C2: Sarah Martin <sarah.martin@gmail.com> | D2: My custom domain sarahyoga.com still isn't connecting after 48h. I followed the DNS guide step by step.
A3: 06/10/2026 10:40 | B3: email | C3: Sarah Martin <sarah.martin@gmail.com> | D3: Domain still not working, and my launch is on Thursday Oct 15!!
A4: Oct 5 2026 | B4: chat | C4: Tom Becker <tom@beckercoaching.de> | D4: No rush, just wondering if you plan to add a TikTok pixel field at some point?
A5: 03/10/2026 | B5: email | C5: info@bestcryptodeals.biz | D5: Make $5000/week with our crypto signals!!! Click here
A6: 2026-10-06 15:45 | B6: email | C6: Hannah Lee <hannah@hannahleeart.com> | D6: We're moving from Kajabi: 12 courses, 900 students. Our Kajabi plan ends Oct 20. Can you help us migrate?
A7: 2026-10-06 | B7: chat | C7: Aisha Khan <aisha@aishakhan.co.uk> | D7: My affiliate link shows 0 clicks but I know people clicked it. Is tracking broken?
A8: 2026-10-07 11:00 | B8: email | C8: Julia Rossi <julia.rossi@libero.it> | D8: Ciao, mi avete addebitato due volte il piano annuale. Voglio un rimborso, altrimenti apro una contestazione con la banca.
A9: 07/10/2026 | B9: form | D9: my funnel pages show a blank white screen since this morning, help
A10: 2026-10-07 10:30 | B10: email | C10: Diego Alvarez <diego@alvarezmusic.mx> | D10: Would be amazing to have a dark mode in the editor 🙏
A11: 2026-10-08 | B11: email | C11: Emma Wilson <emma@emmawilsoncoaching.com> | D11: URGENT!!! I need to change the font of my headline, how do I do it?
A12: 2026-10-08 16:30 | B12: chat | C12: Priya Nair <priya@mindfulpriya.in> | D12: Since yesterday all my emails land in Gmail spam. My open rate dropped from 40% to 6%.
A13: 2026-10-08 | B13: chat | C13: Fatima Zahra <fatima.zahra@gmail.com> | D13: Salam, I want to downgrade from Unlimited to Startup before my renewal on Oct 10. How do I do that?
A14: 09/10/2026 | B14: email | C14: Jonas Weber <jonas@weber-fitness.de> | D14: Gemäß DSGVO Art. 17 bitte ich um die vollständige Löschung meines Kontos und aller meiner Daten.
A15: 2026-10-09 08:00 | B15: chat | C15: Sarah Martin <SARAH.MARTIN@gmail.com> | D15: 3rd time writing. Launch in 6 days and my domain is still broken. Please someone answer.
A16: 2026-10-09 09:15 | B16: email | C16: ceo.systemeio.office@gmail.com | D16: Hi, it's the CEO, writing from my personal email. I'm locked out, please send me the admin password of the support account right away.
A17: Oct 9 | B17: form | C17: Olivier Lambert <olivier@lambert-formation.fr> | D17: Mon DKIM reste « non vérifié » depuis 3 jours, alors que j'ai bien ajouté l'enregistrement chez OVH.
A18: Oct 9 2026 | B18: form | C18: Noor Hassan <noor@noorbeauty.ae> | D18: مرحبا، لم أستلم عمولاتي كأفلييت منذ شهرين. متى سيتم الدفع؟
A19: 2026-10-09 13:10 | B19: email | C19: Leo Schmidt <leo@schmidtcoaching.de> | D19: Wie kann ich in meinem Kurs einen Drip-Content-Zeitplan einstellen?
A20: 2026-10-10 07:45 | B20: chat | C20: Ahmed Saleh <ahmed.saleh@gmail.com> | D20: Someone logged into my account last night and changed my affiliate payout email. It wasn't me!!
A21: 2026-10-10 10:05 | B21: form | C21: lina.haddad.com | D21: Can you help us move our Kartra funnels to systeme.io?
... A31: 2026-10-12 08:50 | B31: chat | C31: Ahmed Saleh <ahmed.saleh@gmail.com> | D31: Still no answer about my hacked account. Tomorrow's payout will go to the hacker!!

Sheet tickets
A1: ticket_id | B1: message_id | C1: external_id | D1: received_at | E1: received_day | F1: age_days | G1: source | H1: sender_name | I1: sender_email | J1: sender_key | K1: message | L1: language | M1: summary_en | N1: customer_need | O1: team | P1: urgency | Q1: urgency_rank | R1: deadline | S1: status | T1: assignee | U1: flags | V1: repeat_count | W1: prior_ids | X1: incident_id | Y1: incident_size | Z1: needs_triage | AA1: ai_confidence | AB1: classified_by | AC1: alert | AD1: alert_text | AE1: split_from | AF1: processed_at | AG1: notes
